{
    "url": "http:\/\/m.mlb.com\/news\/article\/1293389",
    "title": "Hall of Fame calls on Sutter",
    "subtitle": "Hall of Fame calls on Sutter",
    "body": "NEW YORK -- Bruce Sutter made history on Tuesday. Not only did he become the latest member of baseball's most exclusive club by the slimmest of margins, the right-handed split-fingered fastball artist became the first pure reliever ever elected into the National Baseball Hall of Fame.  In a year in which there were no runaway candidates, a select group of 520 members of the Baseball Writers' Association of America cast their votes -- the most in history -- anointing only Sutter, who pitched for the Cardinals, Cubs and Braves in a career that spanned from 1976-88, ending when his signature pitch shredded the insides of his right shoulder.  Only three pitchers previously elected to the Hall were known for their closing skills. But Hoyt Wilhelm, Rollie Fingers and Dennis Eckersley all made numerous starts during their illustrious careers. Sutter never started a game, but he finished 512 of them to record 300 saves, the 19th most in history. Sutter received 76.9 percent of the vote -- only 1.9 percent more than the necessary 75 percent to gain election -- as his name appeared on 400 of the 520 ballots, 12 of which were returned blank. Voters -- BBWAA members with at least 10 consecutive years of baseball writing experience -- can place the names of up to 10 former players on their ballots.                    Barry M. Bloom is a national reporter for MLB.com. This story was not subject to the approval of Major League Baseball or its clubs.",
    "author": "Barry M. Bloom"
}
