{
    "url": "http:\/\/m.mlb.com\/news\/article\/1292293",
    "title": "IBAF might revoke WBC sanction",
    "subtitle": "IBAF might revoke WBC sanction",
    "body": "The International Baseball Federation has sent a letter to Major League Baseball, the Players Association and the 16 countries or territories involved in the World Baseball Classic that the organization will revoke its sanction of the March tournament if the U.S. government doesn't approve Cuba's participation in it.  MLB spokesman Rich Levin confirmed on Friday that baseball was in receipt of the letter that was faxed and signed by Aldo Notari, the IBAF president. The story first appeared in the Toronto Sun on Thursday.  In the case that Cuba is not allowed to play, the tournament, scheduled for March 3-20 in the U.S., Puerto Rico and Japan, would be in serious jeopardy because all of the other participants would be under threat to bow out without IBAF sanction. Barry M. Bloom is a national reporter for MLB.com. This story was not subject to the approval of Major League Baseball or its clubs.",
    "author": "Barry M. Bloom"
}
