{
    "url": "http:\/\/m.mlb.com\/news\/article\/1295425",
    "title": "Castillo has new look, commitment",
    "subtitle": "Castillo brings new look, commitment to camp",
    "body": "BRADENTON, Fla. -- Pirates second baseman Jose Castillo made his first appearance at minicamp on Friday with a distinctly different look, and a commitment to make his season-ending knee injury just a distant memory.  Castillo, who has chopped his bushy locks down to a neatly trimmed coif, spent the offseason rehabbing a complete tear of the MCL in his left knee. He believes that the hours of running, lifting weightings, batting practice and fielding drills have paid off.  \"There's no pain or anything,\" said Castillo, who fielded grounders and participated in batting practice during the workout on Friday. \"I'm working hard this year to be the starting second baseman and [improve] my hitting.\" Ed Eagle is a reporter for MLB.com. This story was not subject to the approval of Major League Baseball or its clubs.",
    "author": "Ed Eagle"
}
