{
    "url": "http:\/\/m.mlb.com\/news\/article\/1296231",
    "title": "Reds sign Kearns to one-year deal",
    "subtitle": "Reds sign Kearns to one-year contract",
    "body": "Another arbitration case bites the dust.  For the third time in two days, the Reds avoided arbitration with one of their players by signing outfielder Austin Kearns to a one-year contract worth $1.85 million on Monday.  The Reds now have all three of their starting outfielders under contract. Kearns is expected to be the everyday man in right field. Anthony Castrovince is a reporter for MLB.com. This story was not subject to the approval of Major League Baseball or its clubs.",
    "author": "Anthony Castrovince"
}
