{
    "url": "http:\/\/m.mlb.com\/news\/article\/1299311",
    "title": "Football looks a lot like baseball",
    "subtitle": "Football playoffs a lot like baseball",
    "body": "It's feeling a lot like Major League Baseball around the NFL right now, and not just because Joe Buck was using his football voice on Sunday.  The Pittsburgh Steelers will play the Seattle Seahawks in Super Bowl XL. It sounds a lot like recent World Series matchups, doesn't it?  The last time the Pittsburgh Steelers won a Super Bowl, it was January 1980. That 31-19 victory over the Los Angeles Rams in Super Bowl XIV followed the Pirates' 1979 World Series victory. Mark Newman is enterprise editor for MLB.com. This story was not subject to the approval of Major League Baseball or its clubs.",
    "author": "Mark Newman"
}
