{
    "url": "http:\/\/m.mlb.com\/news\/article\/1299835",
    "title": "Piazza's agents contact Yankees",
    "subtitle": "Piazza's agents call Yanks",
    "body": "NEW YORK -- Mike Piazza to the Yankees? It's unlikely, but not impossible.  Two published reports on Tuesday indicated that Piazza's agents reached out to the Yankees on Monday, gauging the team's interest in the catcher.  Where that interest level resides, however, is unclear. Mark Feinsand is a reporter for MLB.com. This story was not subject to the approval of Major League Baseball or its clubs.",
    "author": "Mark Feinsand"
}
