{
    "url": "http:\/\/m.mlb.com\/news\/article\/1291500",
    "title": "2006 salary arbitration figures",
    "subtitle": "2006 salary arbitration figures",
    "body": "Players eligible    Player Club  Club Proposal  Player Proposal      Travis Lee TB $2M $2.9M     Kyle Lohse MIN $3.4M $3.95M     Rodrigo Lopez BAL $3.75M $4.5M     Craig Monroe DET $2.45M $3.05M     Tomo Ohka MIL $4.25M $5.2M     Josh Paul TB $475,000 $750,000     Brian Roberts BAL $2.4M $3.6M      Share This       Email  Print     + Hide Comments 0 COMMENTS                2006 salary arbitration figures                                                                Connect with MLB.com Facebook Twitter Google Plus     Terms of Use Privacy Policy (updated January 20, 2016) About Our Ads Legal Notices Contact Us  ©  MLB Advanced Media, LP. All rights reserved.    View MLB.com in English En Español ",
    "author": ""
}
