{
    "url": "http:\/\/m.mlb.com\/news\/article\/1299859",
    "title": "Royals, Chiefs agree to new leases",
    "subtitle": "Royals agree to fee for stadium plan",
    "body": "The Royals' hopes to get public funding for an ambitious renovation project at Kauffman Stadium moved forward Tuesday when the Jackson County legislature unanimously voted to put the issue on an April 4 ballot referendum.  A concept for a $200 million rolling roof at the Truman Sports Complex that would alternately cover the ballpark and the Chiefs' adjacent home at Arrowhead Stadium was also approved for the ballot in a 9-0 vote.  \"It's going to be on the ballot. Now we're definitely agreeing to something that will keep both teams in Kansas City,\" Royals senior vice president of business operations Mark Gorris said Tuesday evening. \"The teams are locked in.\" Mark Sheldon is a reporter for MLB.com. This story was not subject to the approval of Major League Baseball or its clubs.",
    "author": "Mark Sheldon"
}
