{
    "url": "http:\/\/m.mlb.com\/news\/article\/1298106",
    "title": "MLB approves Reds ownership change",
    "subtitle": "Reds ownership change approved",
    "body": "SCOTTSDALE, Ariz. -- It took less than five minutes for the majority ownership of the Reds to pass hands from Carl Lindner to Robert Castellini on Thursday morning.  The Cincinnati produce magnate waited patiently outside a ballroom where the quarterly joint owners meeting had just begun. Castellini was chatting amiably and off-the-record with a pair of reporters when Larry Lucchino, the Red Sox president, ducked his head through the wooden double doorway and beckoned Castellini into the inner sanctum as one of Major League Baseball's 30 chosen.  Castellini received a loud ovation as he replaced Lindner, who has had control of the franchise since 1999 and now will take a minority stake of the Reds, who were founded in 1869 and are widely acknowledged as baseball's oldest franchise. The vote was unanimous and it was the only action item of the meeting. Barry M. Bloom is a national reporter for MLB.com. This story was not subject to the approval of Major League Baseball or its clubs.",
    "author": "Barry M. Bloom"
}
