{
    "url": "http:\/\/m.mlb.com\/news\/article\/1298763",
    "title": "Cuba's inclusion is good for all",
    "subtitle": "Cuba's inclusion is good for all",
    "body": "We have just received the first score from the World Baseball Classic:  Baseball 1, Politics 0.  Happy days are here again. The U.S. Treasury Department has reversed its position and decided not to ban Cuba's participation in the Classic. This decision will meet with opposition among those who are fervently anti-Castro. But it will meet with good will among those who are fervently pro-baseball. Mike Bauman is a national columnist for MLB.com. This story was not subject to the approval of Major League Baseball or its clubs.",
    "author": ""
}
