{
    "url": "http:\/\/m.mlb.com\/news\/article\/1298573",
    "title": "Perez ready to regain ace form",
    "subtitle": "Perez ready to regain ace form for Pirates",
    "body": "WASHINGTON, Pa. -- It is fitting that Oliver Perez has been one of the star attractions as the Pirates Winter Caravan has made its way through the central and western parts of Pennsylvania for the past week.  Perez, perhaps more than any other Pirates player, is relishing the opportunity to get the 2006 campaign under way as quickly as possible, if only to put the disappointment of last season behind him once and for all.  \"It's a new season,\" said Perez. \"I'm trying forget about everything that happened last year and [focus] on this year and help the team.\" Ed Eagle is a reporter for MLB.com. This story was not subject to the approval of Major League Baseball or its clubs.",
    "author": "Ed Eagle"
}
