{
    "url": "http:\/\/m.mlb.com\/news\/article\/1299442",
    "title": "Shapiro declines to confirm rumors",
    "subtitle": "Shapiro declines to confirm rumors",
    "body": "CLEVELAND -- General manager Mark Shapiro flew to the Caribbean to get away for a few days. He came back to the United States on Sunday night to find word of his private trade talks spreading like wildfire. \"That was a heck of a time to go on vacation,\" Shapiro told reporters at Jacobs Field on Monday afternoon. Indeed, because when Shapiro landed back in Cleveland, his voicemail and e-mail inboxes were flooded with interview requests. Anthony Castrovince is a reporter for MLB.com. This story was not subject to the approval of Major League Baseball or its clubs.",
    "author": "Anthony Castrovince"
}
