{
    "url": "http:\/\/m.mlb.com\/news\/article\/1299184",
    "title": "Report: Tribe, Sox close on Crisp deal",
    "subtitle": "Report: Tribe, Sox close on Crisp deal",
    "body": "CLEVELAND -- The Indians are reportedly close to shipping outfielder Coco Crisp to the Red Sox for a package that includes reliever Guillermo Mota and third-base prospect Andy Marte. The Boston Herald and Boston Globe both had reports on the potential deal in their Sunday editions, with the Herald reporting it was agreed upon in principle, contingent on the Indians first finding a replacement for Crisp in the outfield. According to the Herald report, the Indians would spur the Crisp deal by sending left-hander Arthur Rhodes or right-hander Rafael Betancourt to the Phillies for outfielder Jason Michaels or by acquiring free agent Jeff DaVanon. In addition to Crisp, the Herald is also reporting that the Sox are on the verge of signing free agent Alex Gonzalez. The 28-year-old former Florida Marlin is expected to play shortstop and bat ninth for Boston.  Anthony Castrovince is a reporter for MLB.com. This story was not subject to the approval of Major League Baseball or its clubs.",
    "author": "Anthony Castrovince"
}
