{
    "url": "http:\/\/m.mlb.com\/news\/article\/1299541",
    "title": "Rays, Fossum work out two-year deal",
    "subtitle": "Rays finalize two-year deal with Fossum",
    "body": "ST. PETERSBURG -- The Devil Rays signed left-handed pitcher Casey Fossum to a two-year, $4.2 million deal plus incentives and a club option for 2008 on Monday, avoiding arbitration. Fossum, 28, will earn $2 million next season and $2.2 million in 2007, with a chance to earn $800,000 in incentives. The deal also includes a $3 million club option for the 2008 season with a $300,000 buyout, again with a chance to earn an additional $800,000. Fossum, who said he and his wife, Kim, are very happy in the Tampa\/St. Petersburg community, welcomed the multi-year deal. Along with the deal, Fossum and his wife have committed a minimum of $125,000 over the life of the contract to the Rays Charitable Foundation.       Thomas Simonetti is a contributor to MLB.com. This story was not subject to the approval of Major League Baseball or its clubs.",
    "author": "Thomas Simonetti"
}
