{
    "url": "http:\/\/m.mlb.com\/news\/article\/1297893",
    "title": "Devil Rays sign Camp, Rivas",
    "subtitle": "Devil Rays sign Camp, Rivas",
    "body": "ST. PETERSBURG -- Tampa Bay signed 30-year-old right-handed pitcher Shawn Camp to a one-year deal on Wednesday and agreed to terms with infielder Luis Rivas on a Minor League contract with an invitation to Major League Spring Training. Camp was 3-6 and had two saves and a 4.98 ERA in parts of two seasons with Kansas City, going 1-4 with a 6.43 ERA in 2005.  Rivas, a second baseman, hit .257 last season in 59 games with the Minnesota Twins. The 26-year-old Venezuela native has a .262 average with 30 home runs with 177 RBIs and 78 stolen bases over six seasons in the big leagues. Thomas Simonetti is a contributor to MLB.com. This story was not subject to the approval of Major League Baseball or its clubs.",
    "author": "Thomas Simonetti"
}
