{
    "url": "http:\/\/m.mlb.com\/news\/article\/1295090",
    "title": "Reds honor retiring 'Chief'",
    "subtitle": "Reds honor retiring 'Chief'",
    "body": "The Reds are hailing their Chief. The club hosted a private luncheon Friday afternoon for Sheldon \"Chief\" Bender, who is retiring after 64 years in baseball. Chief spent the last 39 years with the Reds' organization in their scouting and player development departments. He was the team's farm director for 23 seasons, from 1967-89. Among the players he helped develop were Johnny Bench, Dave Concepcion, Ken Griffey Sr., Don Gullett, Mario Soto, Ron Oester, Tom Browning, Paul O'Neill, Chris Sabo, Eric Davis and Barry Larkin. Anthony Castrovince is a reporter for MLB.com. This story was not subject to the approval of Major League Baseball or its clubs.",
    "author": "Anthony Castrovince"
}
