{
    "url": "http:\/\/m.mlb.com\/news\/article\/1295862",
    "title": "Garciaparra to suit up for Mexico",
    "subtitle": "Garciaparra to suit up for Mexico",
    "body": "LOS ANGELES -- New Dodgers first baseman Nomar Garciaparra, a native of Whittier, Calif., but the son of Mexican parents, will play for Mexico in the upcoming World Baseball Classic.  \"He's honored to be asked and to participate,\" general manager Ned Colletti said of Garciaparra.  Colletti said that Garciaparra will report to Spring Training on Feb. 14 with the pitchers and catchers, and will work with new hitting coach Eddie Murray on making the transition to first base before he leaves for training camp in Arizona with the Mexican national team. Colletti expressed no reluctance over Garciaparra's desire to participate, even if it takes him away from training camp while learning a new defensive position.   \"He's called me every step of the way,\" Colletti said. \"He didn't want it to distract from his learning curve during the spring.\"   Mexico is in Group B of the world tournament, playing against the United States, Canada and South Africa. The Aztec team includes pitchers Oliver Perez of Pittsburgh, Rodrigo Lopez of Baltimore and Luis Ayala of Washington. Ken Gurnick is a reporter for MLB.com. This story was not subject to the approval of Major League Baseball or its clubs.",
    "author": "Ken Gurnick"
}
