{
    "url": "http:\/\/m.mlb.com\/news\/article\/1295720",
    "title": "Nomar to play for Mexico in Classic",
    "subtitle": "Nomar to play for Mexico",
    "body": "MEXICO CITY -- Dodgers first baseman Nomar Garciaparra will play for Mexico at the World Baseball Classic in March. The native of Whittier, Calif., qualifies because of his Mexican parents, Mexican baseball league president Alejandro Hute said in a newspaper interview published Saturday. A Dodgers official confirmed Garciaparra's WBC participation on Saturday afternoon. The 32-year-old Garciaparra played for the Red Sox and the Cubs before signing with Los Angeles.  Mexico is in Group B of the world tournament, playing against the United States, Canada and South Africa. The team includes pitchers Oliver Perez of Pittsburgh, Rodrigo Lopez of Baltimore and Luis Ayala of Washington.",
    "author": ""
}
