{
    "url": "http:\/\/m.mlb.com\/news\/article\/1301847",
    "title": "Venezuela: Leones empatan ronda final",
    "subtitle": "Venezuela: Leones empatan ronda final",
    "body": "CARACAS - Los relevistas Francisco Rodríguez, Rómulo Sánchez y Jorge Julio Tapia toleraron una carrera en una labor conjunta de tres entradas y un tercio, para guiar a los Leones de Caracas a una victoria 8-6 sobre los Tigres de Aragua en la segunda fecha de la ronda final del béisbol venezolano.  La serie final se encuentra emparejada a 1-1.  Los Leones, amparados en cinco imparables tomaron ventaja de 4-0 en el segundo episodio. Dos de esas carreras fueron anotadas luego que Marco Scutaro alcanzó la primera almohadilla tras un error del intemedista Luis Rodríguez. ",
    "author": ""
}
