{
    "url": "http:\/\/m.mlb.com\/news\/article\/1301845",
    "title": "México: Venados ganan el campeonato",
    "subtitle": "México: Venados ganan el campeonato",
    "body": "MAZATLAN, México - Los Venados de Mazatlán ganaron su segundo título consecutivo de la liga invernal mexicana al vencer por 6-2 a los Algodoneros de Guasave en el quinto partido de la serie final.  Mazatlán se unió a Culiacán y Hermosillo como los únicos bicampeones en la historia del torneo. Es el séptimo campeonato de los Venados.  La novena representará a México en la Serie del Caribe que se disputará del 2 al 7 de febrero en las ciudades venezolanas de Maracay y Valencia. ",
    "author": ""
}
