{
    "url": "http:\/\/m.indians.mlb.com\/news\/article\/1302209",
    "title": "Tribe finalizes two deals in a day",
    "subtitle": "Tribe completes trades with Red Sox, Phils",
    "body": "CLEVELAND -- All week, as widespread reports of a possible trade sending Coco Crisp to the Red Sox raged on, Indians general manager Mark Shapiro stuck to his assertion that a deal is not a deal until it's a deal.  Finally, the Indians have a deal.  Two of them, in fact. The name drawing all of the headlines in this barrage of barters is that of Crisp, the energetic outfielder who blossomed tremendously in 2005.          Anthony Castrovince is a reporter for MLB.com. This story was not subject to the approval of Major League Baseball or its clubs.",
    "author": "Anthony Castrovince"
}
