{
    "url": "http:\/\/m.mlb.com\/news\/article\/1303239",
    "title": "Reds to interview Phils assistant GM",
    "subtitle": "Reds to interview Phils assistant GM",
    "body": "CINCINNATI -- Add one more name to the list of candidates vying to become the next Reds general manager.  The club announced Sunday that Phillies assistant GM Mike Arbuckle would be the seventh person to get an interview. A scheduled date wasn't revealed but it was believed likely to happen some time this week.  Last week, new owner\/chief executive officer Bob Castellini dismissed GM Dan O'Brien in his first major decision after taking over. Baseball operations director Brad Kullman has been serving as interim GM. Mark Sheldon is a reporter for MLB.com. This story was not subject to the approval of Major League Baseball or its clubs.",
    "author": "Mark Sheldon"
}
