{
    "url": "http:\/\/m.mlb.com\/news\/article\/1301078",
    "title": "Winter Tour Caravan rolls into Reading",
    "subtitle": "Phillies' Winter Caravan rolls into Reading",
    "body": "READING, Pa. -- Ryan Howard, a favorite adopted son in this city, played straight man on Wednesday at the Phillies' Winter Tour Caravan stop. \"It's good to be back in Baseballtown,\" said the National League Rookie of the Year. \"One of my best memories here is that crazy hot dog vendor. You don't get that anywhere else.\" On cue, the ostrich-riding, screaming crowd-pleaser burst through the door of the Reading Sheraton ballroom, tossing hot dogs and thrilling the 650 attending one of the tour's final stops. \"Good, I feel at home now,\" joked Manuel, who then delighted the crowd with his seldom-recited \"My Most Memorable Day,\" a poem he wrote.     Ken Mandel is a reporter for MLB.com. This story was not subject to the approval of Major League Baseball or its clubs.",
    "author": "Ken Mandel"
}
