{
    "url": "http:\/\/m.mlb.com\/news\/article\/1302379",
    "title": "Reds reveal list of GM candidates",
    "subtitle": "Reds reveal list of GM candidates",
    "body": "CINCINNATI -- A list of six candidates that will interview for the vacant Reds general manager's job was revealed Friday.  In contention are a number of people from inside the organization, including interim GM and baseball operations director Brad Kullman, director of international scouting Johnny Almaraz, special assistant to the GM Leland Maddox, and special advisor Jim Beattie.  Cardinals assistant GM John Mozeliak joined Twins assistant GM Wayne Krivsky as a candidate from outside the organization. Krivsky's name was announced Thursday. Mark Sheldon is a reporter for MLB.com. This story was not subject to the approval of Major League Baseball or its clubs.",
    "author": "Mark Sheldon"
}
