{
    "url": "http:\/\/m.mlb.com\/news\/article\/3787720",
    "title": "Byrd, Rangers avoid arbitration",
    "subtitle": "Byrd, Rangers avoid arbitration",
    "body": "ARLINGTON -- The Rangers have settled all their arbitration cases after reaching an agreement with outfielder Marlon Byrd on Friday.  Byrd agreed to a base salary of $3.06 million. He was asking for $3.6 million in arbitration and the Rangers were offering $2.7 million. Byrd, who made $1.8 million in 2008, is eligible for free agency after the 2009 season.  The Rangers had already reached agreements with pitchers Brandon McCarthy, C.J. Wilson and Frank Francisco. They have not had an arbitration hearing with a player since Lee Stevens in 2000. T.R. Sullivan is a reporter for MLB.com. This story was not subject to the approval of Major League Baseball or its clubs.",
    "author": "T.R. Sullivan"
}
